<?xml version='1.1' encoding='UTF-8'?>
<com.cloudbees.plugins.credentials.SystemCredentialsProvider plugin="credentials@1447.v4cb_b_539b_5321">
  <domainCredentialsMap class="hudson.util.CopyOnWriteMap$Hash">
    <entry>
      <com.cloudbees.plugins.credentials.domains.Domain>
        <specifications/>
      </com.cloudbees.plugins.credentials.domains.Domain>
      <java.util.concurrent.CopyOnWriteArrayList>
        <com.cloudbees.plugins.credentials.impl.UsernamePasswordCredentialsImpl>
          <scope>GLOBAL</scope>
          <id>email-alertas-user</id>
          <description>Usuario del email para alertas</description>
          <username>ecommerceoperaciones01@gmail.com</username>
          <password>{AQAAABAAAAAg3A+hOvjCHyCg3L9vUD3RJTIXuphHfwfqeJRo7v5szc9RI2K26su6dfjPTYXzX2Hh}</password>
          <usernameSecret>true</usernameSecret>
        </com.cloudbees.plugins.credentials.impl.UsernamePasswordCredentialsImpl>
        <com.cloudbees.plugins.credentials.impl.UsernamePasswordCredentialsImpl>
          <scope>GLOBAL</scope>
          <id>jenkins-api</id>
          <description>Credenciales API Jenkins</description>
          <username>admineCommerce</username>
          <password>{AQAAABAAAAAwzBWubXpf38j27PjZnUpFH77WMO8jWznfPizuXIyN5H8QuNJCdXb7ObbBi6M6Q7Onj00iWtx8W3xzvMb0DZIgkw==}</password>
          <usernameSecret>false</usernameSecret>
        </com.cloudbees.plugins.credentials.impl.UsernamePasswordCredentialsImpl>
        <org.jenkinsci.plugins.plaincredentials.impl.StringCredentialsImpl plugin="plain-credentials@199.v9f8e1f741799">
          <scope>GLOBAL</scope>
          <id>slack-token</id>
          <description>Token de Slack GSIT Alertas</description>
          <secret>{AQAAABAAAABA3xgrm28WEkXebDGlVMBfaaSJ32HlDSQzA9ijzviyF+35npIM1VkijpZlb/IZf+fWCuc2XYV6zNO2D4KdWA9fH9x7c5dL9KnXv5jqmsIfcQk=}</secret>
        </org.jenkinsci.plugins.plaincredentials.impl.StringCredentialsImpl>
        <com.cloudbees.jenkins.plugins.sshcredentials.impl.BasicSSHUserPrivateKey plugin="ssh-credentials@361.vb_f6760818e8c">
          <scope>GLOBAL</scope>
          <id>git-gsit-alertas</id>
          <description>GITHUB - Clave SSH para GSIT Alertas</description>
          <username>git</username>
          <usernameSecret>false</usernameSecret>
          <privateKeySource class="com.cloudbees.jenkins.plugins.sshcredentials.impl.BasicSSHUserPrivateKey$DirectEntryPrivateKeySource">
            <privateKey>{AQAAABAAAAAglIuvO3N4W+SaBhm7SjGPQhUfcMvV83LHvc2y7N1GO7rlOki5F3IhFl5DQE9e/3s9}</privateKey>
          </privateKeySource>
        </com.cloudbees.jenkins.plugins.sshcredentials.impl.BasicSSHUserPrivateKey>
      </java.util.concurrent.CopyOnWriteArrayList>
    </entry>
  </domainCredentialsMap>
</com.cloudbees.plugins.credentials.SystemCredentialsProvider>